{
  "train_loss": [
    3.6775408054826446,
    3.6171487710809194,
    3.6179105774048836,
    3.6138192977407195,
    3.612332622393302,
    3.616540430877615,
    3.6126038464166785,
    3.607301801763555,
    3.6115122094132386,
    3.605724190054218
  ],
  "train_acc": [
    2.380952380952381,
    3.225806451612903,
    2.6881720430107525,
    3.533026113671275,
    2.5345622119815667,
    2.9185867895545314,
    2.227342549923195,
    3.3794162826420893,
    2.9953917050691246,
    3.9170506912442398
  ],
  "train_top5_acc": [
    11.751152073732719,
    14.746543778801843,
    13.824884792626728,
    14.66973886328725,
    13.748079877112135,
    13.133640552995391,
    13.90168970814132,
    15.745007680491552,
    13.978494623655914,
    14.976958525345623
  ],
  "val_loss": [
    3.6156517078136576,
    3.6206154675319278,
    3.6011543405467066,
    3.603120068846078,
    3.598296142446584,
    3.6131770923219877,
    3.614168066814028,
    3.617537330758983,
    3.605330763192012,
    3.6093316390596586
  ],
  "val_acc": [
    4.827586206896552,
    2.0689655172413794,
    2.0689655172413794,
    2.7586206896551726,
    6.206896551724138,
    0.6896551724137931,
    0.6896551724137931,
    2.0689655172413794,
    3.4482758620689653,
    5.517241379310345
  ],
  "val_top5_acc": [
    13.793103448275861,
    14.482758620689655,
    16.551724137931036,
    17.93103448275862,
    18.620689655172413,
    13.10344827586207,
    9.655172413793103,
    10.344827586206897,
    13.10344827586207,
    14.482758620689655
  ]
}