{
  "train_loss": [
    3.657280518255649,
    3.6228546428944046,
    3.6140169280104253,
    3.603985361832129,
    3.593903307595085,
    3.569542208456054,
    3.5391823871430645,
    3.5094877536657685,
    3.481476145443129,
    3.3961447231013278
  ],
  "train_acc": [
    3.3863165169315828,
    2.7643400138217,
    2.9716655148583278,
    3.59364201796821,
    3.9391845196959228,
    4.69937802349689,
    5.044920525224603,
    6.08154803040774,
    5.1140290255701455,
    6.91085003455425
  ],
  "train_top5_acc": [
    14.305459571527297,
    12.646855563234277,
    14.651002073255011,
    15.964063579820317,
    17.89910158949551,
    20.73255010366275,
    19.488597097442984,
    24.187975120939875,
    24.257083621285418,
    29.993089149965446
  ]
}