{
  "train_loss": [
    3.6574713740663776,
    3.6191992386145526,
    3.618189189108103,
    3.615038216571837,
    3.611727308384651
  ],
  "train_acc": [
    2.6881720430107525,
    3.3794162826420893,
    2.8417818740399388,
    2.380952380952381,
    3.302611367127496
  ],
  "train_top5_acc": [
    14.746543778801843,
    15.514592933947773,
    15.2073732718894,
    14.1321044546851,
    14.362519201228878
  ],
  "val_loss": [
    3.604704606944117,
    3.6184153047101253,
    3.6113858239404086,
    3.6103782982661805,
    3.60844678549931
  ],
  "val_acc": [
    3.4482758620689653,
    2.7586206896551726,
    2.0689655172413794,
    2.0689655172413794,
    2.0689655172413794
  ],
  "val_top5_acc": [
    13.793103448275861,
    12.413793103448276,
    17.93103448275862,
    15.172413793103448,
    16.551724137931036
  ]
}