{
  "train_loss": [
    3.665197352830884,
    3.6131317731042265,
    3.6098398616135383,
    3.604633848747668,
    3.601344111382349,
    3.599094871207306,
    3.6005511809025568,
    3.5954542874239617,
    3.595117684502959,
    3.5852203243104372,
    3.5905985090000865,
    3.5814900562801726,
    3.586344380735826,
    3.5871270014501,
    3.5817237579524956,
    3.5849495424223017,
    3.579809384198966,
    3.5809441291988335,
    3.5811048754861527,
    3.5845969931144546
  ],
  "train_acc": [
    2.0558002936857562,
    3.4508076358296624,
    2.5697503671071953,
    3.3773861967694567,
    3.671071953010279,
    3.891336270190896,
    3.0102790014684286,
    3.3773861967694567,
    3.81791483113069,
    4.405286343612334,
    2.8634361233480177,
    4.552129221732746,
    4.33186490455213,
    4.552129221732746,
    3.7444933920704844,
    4.258443465491924,
    4.772393538913363,
    4.038179148311307,
    4.405286343612334,
    4.038179148311307
  ],
  "train_top5_acc": [
    13.215859030837004,
    15.491923641703377,
    14.757709251101321,
    15.712187958883995,
    17.25403817914831,
    16.29955947136564,
    17.180616740088105,
    16.886930983847282,
    16.519823788546255,
    20.631424375917767,
    16.813509544787077,
    18.79588839941263,
    18.502202643171806,
    17.1071953010279,
    18.57562408223201,
    19.016152716593247,
    19.60352422907489,
    18.281938325991188,
    18.281938325991188,
    19.60352422907489
  ],
  "val_loss": [
    3.6220699384415256,
    3.6558723114103167,
    3.615853457856388,
    3.6318869150279203,
    3.6234810611020087,
    3.6218217363105842,
    3.6213346079996955,
    3.6277044413726003,
    3.6296681812431806,
    3.637144931949828,
    3.642365833880964,
    3.640979219391898,
    3.63272503743773,
    3.628809976437924,
    3.6342111186198127,
    3.631819615965365,
    3.633179164002718,
    3.636256501122304,
    3.634907954599151,
    3.634664210406217
  ],
  "val_acc": [
    2.932551319648094,
    2.6392961876832843,
    2.0527859237536656,
    2.932551319648094,
    3.5190615835777126,
    2.6392961876832843,
    2.0527859237536656,
    2.6392961876832843,
    1.7595307917888563,
    2.0527859237536656,
    2.932551319648094,
    2.6392961876832843,
    2.6392961876832843,
    2.6392961876832843,
    2.346041055718475,
    2.0527859237536656,
    1.466275659824047,
    2.0527859237536656,
    2.346041055718475,
    2.346041055718475
  ],
  "val_top5_acc": [
    14.662756598240469,
    12.316715542521994,
    12.316715542521994,
    12.316715542521994,
    16.129032258064516,
    14.956011730205278,
    13.489736070381232,
    14.36950146627566,
    14.956011730205278,
    15.249266862170089,
    13.489736070381232,
    14.36950146627566,
    14.36950146627566,
    14.662756598240469,
    14.662756598240469,
    12.903225806451612,
    15.542521994134898,
    14.956011730205278,
    15.542521994134898,
    15.249266862170089
  ]
}