{
  "train_loss": [
    3.653850884954931,
    3.616729327210411,
    3.6051067439292166,
    3.610139436036369,
    3.5900378500747943
  ],
  "train_acc": [
    3.59364201796821,
    3.731859018659295,
    3.04077401520387,
    2.349689011748445,
    4.42294402211472
  ],
  "train_top5_acc": [
    15.48030407740152,
    15.411195577055977,
    15.549412577747063,
    15.342087076710435,
    17.89910158949551
  ]
}